molecule_chembl_id,canonical_smiles,standard_value
CHEMBL337921,Cc1cc(NC(=O)Cc2ccc3[nH]c(-c4ccc(Cl)s4)nc3c2)ccc1-n1ccccc1=O,10000.0
CHEMBL340500,Cc1cc(NC(=O)Cc2ccc3[nH]c(-c4ccc(Cl)s4)nc3c2)ccc1N1CCOCC1=O,10000.0
CHEMBL124846,O=C(Cc1ccc2[nH]c(-c3ccc(Cl)s3)nc2c1)Nc1ccc(N2CCCC2=O)cc1,10000.0
CHEMBL331231,CS(=O)(=O)c1ccccc1-c1ccc(NC(=O)Cc2ccc3[nH]c(-c4ccc(Cl)s4)nc3c2)cc1,10000.0
CHEMBL124705,O=C(Cc1ccc2[nH]c(-c3ccc(Cl)s3)nc2c1)Nc1ccc(N2CCCCC2=O)cc1,10000.0
CHEMBL333113,CC1CC(=O)NN=C1c1ccc2[nH]c(-c3ccc(Cl)s3)nc2c1,10000.0
CHEMBL123151,O=C(COc1ccc2[nH]c(-c3ccc(Cl)s3)nc2c1)Nc1ccc(N2CCOCC2=O)cc1,10000.0
CHEMBL124370,Cc1cc(NC(=O)CCc2ccc3[nH]c(-c4ccc(Cl)s4)nc3c2)ccc1N1CCOCC1=O,10000.0
CHEMBL264876,O=C(Cc1ccc2[nH]c(-c3ccc(Cl)s3)nc2c1)NCc1ccc(N2CCOCC2=O)cc1,10000.0
CHEMBL125477,O=C(NCc1ccc2[nH]c(-c3ccc(Cl)s3)nc2c1)c1ccc(N2CCOCC2=O)cc1,10000.0
CHEMBL126208,O=C(Cc1ccc2[nH]c(-c3ccc(Cl)s3)nc2c1)NCC1CCN(c2ccncc2)CC1,10000.0
CHEMBL125839,O=C(Cc1ccc2[nH]c(-c3ccc(Cl)s3)nc2c1)Nc1ccc(N2CCOCC2=O)cc1,10000.0
CHEMBL124658,O=C(Cc1ccc2[nH]c(-c3ccc(Br)s3)nc2c1)NCC1CCN(c2ccncc2)CC1,10000.0
CHEMBL123150,Cc1cc(NC(=O)COc2ccc3[nH]c(-c4ccc(Cl)s4)nc3c2)ccc1N1CCOCC1=O,10000.0
CHEMBL122329,Cc1cc(NC(=O)CCc2ccc3[nH]c(-c4ccc(Br)s4)nc3c2)ccc1N1CCOCC1=O,10000.0
CHEMBL419608,O=C(Cc1ccc2[nH]c(-c3ccc(Br)s3)nc2c1)Nc1ccc(-n2ccccc2=O)cc1,10000.0
CHEMBL125876,O=C(Nc1ccc(N2CCOCC2=O)cc1)c1ccc2[nH]c(-c3ccc(Cl)s3)nc2c1,10000.0
CHEMBL124657,O=C(Cc1ccc(N2CCOCC2=O)cc1)Nc1ccc2[nH]c(-c3ccc(Cl)s3)nc2c1,10000.0
CHEMBL125939,O=C(CCc1ccc2[nH]c(-c3ccc(Cl)s3)nc2c1)Nc1ccc(N2CCOCC2=O)cc1,10000.0
CHEMBL420338,Cc1cc(NC(=O)Cc2ccc3[nH]c(-c4ccc(Br)s4)nc3c2)ccc1N1CCOCC1=O,10000.0
CHEMBL140719,CCOc1ccc(-c2ccc(C(=O)NC(/C=C/c3ccccc3)C(Cc3cccc(C(=N)N)c3)C(=O)OC)cc2)cc1,2800.0
CHEMBL138610,COC(=O)C(Cc1cccc(C(=N)N)c1)C(/C=C/c1ccccc1)NC(=O)c1ccc(-c2ccccc2)cc1,5300.0
CHEMBL341970,COC(=O)C(Cc1cccc(C(=N)N)c1)C(/C=C/c1ccccc1)NC(=O)c1ccc(-c2ccc(OC)c(OC)c2)cc1,2500.0
CHEMBL341808,CCOc1ccccc1-c1ccc(C(=O)NC(/C=C/c2ccccc2)C(Cc2cccc(C(=N)N)c2)C(=O)OC)cc1,1800.0
CHEMBL138258,COC(=O)C(Cc1cccc(C(=N)N)c1)C(/C=C/c1ccccc1)NC(=O)c1ccc(-c2ccccc2OC)cc1,1800.0
CHEMBL422819,COCC(Cc1cccc(C(=N)N)c1)C(/C=C/c1ccccc1)NC(=O)c1ccc(-c2ccccc2)cc1,10000.0
CHEMBL344831,COC(=O)C(Cc1cccc(C(=N)N)c1)C(/C=C/c1ccccc1)NC(=O)c1ccc(-c2ccc(C)cc2)cc1,2800.0
CHEMBL139084,CCc1ccccc1-c1ccc(C(=O)NC(/C=C/c2ccccc2)C(Cc2cccc(C(=N)N)c2)C(=O)OC)cc1,2500.0
CHEMBL138299,COC(=O)C(Cc1cccc(C(=N)N)c1)C(/C=C/c1ccccc1)NC(=O)c1ccc(-c2ccccc2C)cc1,3100.0
CHEMBL342831,COC(=O)C(Cc1cccc(C(=N)N)c1)C(/C=C/c1ccccc1)NC(=O)c1ccc(-c2ccc(OC)cc2)cc1,2900.0
CHEMBL137858,COC(=O)C(Cc1cccc(C(=N)N)c1)C(/C=C/c1ccccc1)NC(=O)c1ccc(-c2ccc(OC)cc2OC)cc1,2900.0
CHEMBL343568,N=C(N)c1cccc(CCC(/C=C/c2ccccc2)NC(=O)c2ccc(-c3ccccc3)cc2)c1,6600.0
CHEMBL139561,COC(=O)C(Cc1cccc(C(=N)N)c1)C(/C=C/c1ccccc1)NC(=O)c1ccc(-c2cccc(OC)c2)cc1,2200.0
CHEMBL341997,COC(=O)C(Cc1cccc(C(=N)N)c1)C(/C=C/c1ccccc1)NC(=O)c1ccc(-c2cccc(C)c2)cc1,2700.0
CHEMBL139810,CCOc1cccc(-c2ccc(C(=O)NC(/C=C/c3ccccc3)C(Cc3cccc(C(=N)N)c3)C(=O)OC)cc2)c1,3600.0
CHEMBL342211,CCc1cccc(-c2ccc(C(=O)NC(/C=C/c3ccccc3)C(Cc3cccc(C(=N)N)c3)C(=O)OC)cc2)c1,2600.0
CHEMBL140093,N=C(N)c1cccc(CC(C(=O)O)C(/C=C/c2ccccc2)NC(=O)c2ccc(-c3ccccc3)cc2)c1,22000.0
CHEMBL138217,CC(=O)OCC(Cc1cccc(C(=N)N)c1)C(/C=C/c1ccccc1)NC(=O)c1ccc(-c2ccccc2)cc1,1400.0
CHEMBL341885,O=C(CCCCNC(=O)OCc1ccccc1)OCN1C(=O)c2ccccc2S1(=O)=O,12000.0
CHEMBL344560,O=C(CCNC(=O)OCc1ccccc1)OCN1C(=O)c2ccccc2S1(=O)=O,33000.0
CHEMBL331243,CCCC[C@@H](NC(=O)[C@H](CC(C)C)NC(=O)[C@@H](NC(=O)[C@H](Cc1ccccc1C)NC(=O)[C@H](CCC(=O)O)NC(=O)[C@H](CC(=O)O)NC(=O)CCC(=O)O)C(C)(C)C)C(=O)C(N)=O,200000.0
CHEMBL184422,CCC[C@@H](NC(=O)c1ccc(Cl)s1)C(=O)Nc1ccc(N2CCOCC2=O)c(C)c1,10000.0
CHEMBL187051,CC[C@@H](NC(=O)c1ccc(Cl)s1)C(=O)Nc1ccc(N2CCOCC2=O)c(C)c1,10000.0
CHEMBL187102,Cc1cc(NC(=O)[C@@H](C)NC(=O)c2ccc(Cl)s2)ccc1N1CCOCC1=O,10000.0
CHEMBL364422,Cc1cc(NC(=O)[C@@H](CO)NC(=O)c2ccc(Cl)s2)ccc1N1CCOCC1=O,10000.0
CHEMBL364838,COC[C@@H](NC(=O)c1ccc(Cl)s1)C(=O)Nc1ccc(N2CCOCC2=O)c(C)c1,10000.0
CHEMBL184956,COC[C@@H](NC(=O)c1ccc(Cl)s1)C(=O)Nc1ccc(N2CCOCC2=O)c(C(F)(F)F)c1,10000.0
CHEMBL186686,COC[C@@H](NC(=O)c1ccc(Cl)s1)C(=O)Nc1ccc(N2CCOCC2=O)c(Cl)c1,10000.0
CHEMBL187423,COC[C@@H](NC(=O)c1ccc(Cl)s1)C(=O)Nc1ccc(N2CCOCC2=O)c(F)c1,10000.0
CHEMBL186545,CCOC[C@@H](NC(=O)c1ccc(Cl)s1)C(=O)Nc1ccc(N2CCOCC2=O)c(C)c1,10000.0
CHEMBL425889,CCCOC[C@@H](NC(=O)c1ccc(Cl)s1)C(=O)Nc1ccc(N2CCOCC2=O)c(C)c1,10000.0
CHEMBL361870,COCCOC[C@@H](NC(=O)c1ccc(Cl)s1)C(=O)Nc1ccc(N2CCOCC2=O)c(C)c1,10000.0
CHEMBL122023,CCC[C@@H](NC(=O)Nc1ccc(Cl)cc1)C(=O)Nc1ccc(N2CCOCC2=O)cc1,10000.0
CHEMBL125499,O=C(CCc1ccc2[nH]c(-c3ccc(Cl)s3)nc2c1)Nc1ccc(N2CCOCC2=O)cc1F,10000.0
CHEMBL183969,O=C(CNC(=O)c1ccc(Cl)s1)Nc1ccc(N2CCOCC2=O)cc1,10000.0
CHEMBL184686,C[C@@H](NC(=O)c1ccc(Cl)s1)C(=O)Nc1ccc(N2CCOCC2=O)cc1,10000.0
CHEMBL362161,CC[C@@H](NC(=O)c1ccc(Cl)s1)C(=O)Nc1ccc(N2CCOCC2=O)cc1,10000.0
CHEMBL187155,CCC[C@@H](NC(=O)c1ccc(Cl)s1)C(=O)Nc1ccc(N2CCOCC2=O)cc1,10000.0
CHEMBL360856,CC(C)[C@@H](NC(=O)c1ccc(Cl)s1)C(=O)Nc1ccc(N2CCOCC2=O)cc1,10000.0
CHEMBL185642,CC(C)C[C@@H](NC(=O)c1ccc(Cl)s1)C(=O)Nc1ccc(N2CCOCC2=O)cc1,10000.0
CHEMBL364371,O=C(N[C@@H](C(=O)Nc1ccc(N2CCOCC2=O)cc1)c1ccccc1)c1ccc(Cl)s1,10000.0
CHEMBL360852,O=C(N[C@H](C(=O)Nc1ccc(N2CCOCC2=O)cc1)c1ccccc1)c1ccc(Cl)s1,10000.0
CHEMBL184653,CC(C)C[C@H](NC(=O)c1ccc(Cl)s1)C(=O)Nc1ccc(N2CCOCC2=O)cc1,10000.0
CHEMBL362110,CC(C)C[C@@H](NC(=O)c1ccc(Cl)s1)C(=O)Nc1ccc(-n2ccncc2=O)cc1,10000.0
CHEMBL361728,CC(C)C[C@@H](NC(=O)c1ccc(Cl)s1)C(=O)Nc1ccc(-n2ccccc2=O)cc1,10000.0
CHEMBL427333,Cc1cc(NC(=O)[C@@H](CC(C)C)NC(=O)c2ccc(Cl)s2)ccc1N1CCOCC1=O,10000.0
CHEMBL201856,COc1cc(C)c(S(=O)(=O)NC[C@@H](O)[C@H](Cc2ccccc2)NCc2cccc(Cl)c2)c(C)c1C,100000.0
CHEMBL557787,Cc1ccc(NS(=O)(=O)c2cccc3ccccc23)c(O)c1CC(=O)NCc1ccc(C(=N)N)cc1.Cl,1100.0
CHEMBL556576,Cc1ccc(NCNC(=O)c2ccccc2)c(O)c1CC(=O)NCc1ccc(C(=N)N)cc1.Cl,2700.0
CHEMBL535831,Cc1ccc(NCC(=O)c2ccccc2)c(O)c1CC(=O)NCc1ccc(C(=N)N)cc1.Cl,4000.0
CHEMBL536967,Cc1ccc(NCS(=O)(=O)c2ccccc2)c(O)c1CC(=O)NCc1ccc(C(=N)N)cc1.Cl,3100.0
CHEMBL540105,Cc1ccc(NS(=O)(=O)c2ccc(Cl)cc2)c(O)c1CC(=O)NCc1ccc(C(=N)N)cc1.Cl,940.0
CHEMBL541902,Cc1ccc(S(=O)(=O)Nc2ccc(C)c(CC(=O)NCc3ccc(C(=N)N)cc3)c2O)cc1.Cl,1100.0
CHEMBL536280,Cc1ccc(NS(=O)(=O)c2cccc(C(F)(F)F)c2)c(O)c1CC(=O)NCc1ccc(C(=N)N)cc1.Cl,2800.0
CHEMBL534714,Cc1ccc(NS(=O)(=O)c2ccccc2)c(O)c1CC(=O)NCc1ccc(C(=N)N)cc1.Cl,600.0
CHEMBL557779,COc1ccc(S(=O)(=O)Nc2ccc(C)c(CC(=O)NCc3ccc(C(=N)N)cc3)c2O)cc1.Cl,910.0
CHEMBL558235,COc1ccc(S(=O)(=O)Nc2ccc(C)c(CC(=O)NCc3ccc(C(=N)N)cc3)c2O)cc1OC.Cl,340.0
CHEMBL535160,COc1cccc(S(=O)(=O)Nc2ccc(C)c(CC(=O)NCc3ccc(C(=N)N)cc3)c2O)c1.Cl,280.0
CHEMBL541383,Cc1ccc(NS(=O)(=O)c2ccc(Cl)cc2F)c(O)c1CC(=O)NCc1ccc(C(=N)N)cc1.Cl,680.0
CHEMBL537420,Cc1ccc(C)c(S(=O)(=O)Nc2ccc(C)c(CC(=O)NCc3ccc(C(=N)N)cc3)c2O)c1.Cl,110.0
CHEMBL556953,Cc1ccc(NS(=O)(=O)c2cccc(Cl)c2C)c(O)c1CC(=O)NCc1ccc(N)nc1C.Cl,44000.0
CHEMBL381141,Cc1ccnc(CNC(=O)Cc2c(C)ccc(NCS(=O)(=O)c3cccc(Cl)c3)c2O)c1F,44000.0
CHEMBL204665,Cc1ccnc(CNC(=O)Cc2c(C)ccc(NS(=O)(=O)c3cccc(Cl)c3)c2O)c1F,44000.0
CHEMBL383630,Cc1ccc(S(=O)(=O)Nc2ccc(C)c(CC(=O)NCc3nccc(C)c3F)c2O)cc1Cl,44000.0
CHEMBL558589,Cc1ccc(NS(=O)(=O)c2ccccc2Cl)c(O)c1CC(=O)NCc1ccnc(N)c1.Cl,44000.0
CHEMBL537421,Cc1ccc(NS(=O)(=O)c2cc(Cl)ccc2Cl)c(O)c1CC(=O)NCc1ccnc(N)c1.Cl,44000.0
CHEMBL540368,Cc1ccc(NCS(=O)(=O)c2ccccc2)c(O)c1CC(=O)NCc1ccc(N)nc1C.Cl,44000.0
CHEMBL558042,Cc1ccc(S(=O)(=O)Nc2ccc(C)c(CC(=O)NCc3ccc(N)nc3C)c2O)cc1F.Cl,44000.0
CHEMBL558002,Cc1ccccc1S(=O)(=O)Nc1ccc(C)c(CC(=O)NCc2ccc(N)nc2C)c1O.Cl,44000.0
CHEMBL206435,O=C1NC(=O)c2ccccc2C1=O,5000.0
CHEMBL203709,COc1ccccc1NC(=O)CCC(=O)Nc1ccc2c(c1)C(=O)C(=O)NC2=O,5000.0
CHEMBL438969,O=C(CCC(=O)N1CCCCC1)Nc1ccc2c(c1)C(=O)C(=O)NC2=O,5000.0
CHEMBL202971,O=C(O)CCC(=O)Nc1ccc2c(c1)C(=O)C(=O)NC2=O,5000.0
CHEMBL382481,O=C(CCCl)Nc1ccc2c(c1)C(=O)C(=O)NC2=O,5000.0
CHEMBL439872,CC(=O)OC(C(=O)Nc1cccc2c1C(=O)C(=O)NC2=O)c1ccccc1,5000.0
CHEMBL204245,O=C1NC(=O)c2cc(NC(=O)c3ccc([N+](=O)[O-])cc3)ccc2C1=O,5000.0
CHEMBL377681,N=C(N)c1ccc(CNC(=O)[C@@H]2C=CCN2C(=O)[C@@H](CC2CCCCC2)NCC(=O)O)cn1,4.8
CHEMBL266349,N=C(N)c1ccc(CNC(=O)[C@@H]2CCN2C(=O)[C@H](NCC(=O)O)C2CCCCC2)cc1,11.9
CHEMBL207981,Cc1cc(CNC(=O)[C@@H]2C=CCN2C(=O)C(CC2CCCCC2)NCC(=O)O)sc1C(=N)N,117.0
CHEMBL381709,N=C(N)c1csc(CNC(=O)[C@@H]2C=CCN2C(=O)[C@@H](CC2CCCCC2)NCC(=O)O)n1,21.0
CHEMBL206205,N=C(N)c1coc(CNC(=O)[C@@H]2C=CCN2C(=O)[C@@H](CC2CCCCC2)NCC(=O)O)c1,1.9
CHEMBL208140,N=C(N)c1ccc(CNC(=O)[C@@H]2C=CCN2C(=O)[C@@H](CC2CCCCC2)NCC(=O)O)s1,1.6
CHEMBL358279,NC(=O)c1ccc2c(c1)C(=O)C(=O)N2Cc1ccc2ccccc2c1,352000.0
CHEMBL208638,NCc1ccc(CCCNCCNS(=O)(=O)c2ccc3ccccc3c2Cl)cc1,100000.0
CHEMBL99951,N=C(N)c1ccc2nc(Cc3nc4ccc(C(=N)N)cc4[nH]3)[nH]c2c1,4400.0
CHEMBL215135,N=C(N)NCc1ccc(B(O)O)cc1.O=C(O)C(F)(F)F,200000.0
CHEMBL213434,CC1(C)OB(c2ccc(NC(=N)N)cc2)OC1(C)C.O=C(O)C(F)(F)F,2300.0
CHEMBL215750,CC1(C)OB(c2ccc(CCN=C(N)N)cc2)OC1(C)C.O=C(O)C(F)(F)F,20300.0
CHEMBL384180,CC1(C)OB(c2ccc(CN=C(N)N)cc2)OC1(C)C,200000.0
CHEMBL211921,CC1(C)OB(c2ccc(C(NC(=N)N)OC(=O)c3cccnc3)cc2)OC1(C)C.O=C(O)C(F)(F)F,200000.0
CHEMBL413155,CC(C)[C@H](NC(=O)[C@H](Cc1ccc(O)cc1)NC(=O)N[C@H](C)c1ccc(Br)cc1)C(=O)N[C@@H](CCCNC(=N)N)C(=O)c1nccs1,12.0
CHEMBL387130,O=C(Nc1ccc2ccccc2c1)C(c1csc2ccc(Cl)cc12)P(=O)(O)O,12000.0
CHEMBL224485,CC(C)CNC(=O)c1ccc(-c2ccccc2C(=O)Nc2ccc(C(=N)N)cc2)c(C(=O)O)c1,4800.0
CHEMBL375051,CNc1ccc(-c2ccc(C(=O)NCC(C)C)cc2C(=O)O)c(C(=O)Nc2cccc(C(N)=O)c2)c1,4800.0
CHEMBL376806,CNc1ccc(-c2ccc(C(=O)N[C@@H](CC(C)C)C(=O)O)cc2C(=O)O)c(C(=O)Nc2cccc(C(N)=O)c2)c1,200000.0
CHEMBL388161,CNc1ccc(-c2ccc(C(=O)N[C@@H](CC(C)C)C(N)=O)cc2C(=O)O)c(C(=O)Nc2cccc(C(N)=O)c2)c1,200000.0
CHEMBL426187,CNc1ccc(-c2ccc(C(=O)N[C@@H](CC(C)C)C(N)=O)cc2C(=O)O)c(C(=O)Nc2ccc(CN)cc2)c1,200000.0
CHEMBL390662,Nc1cccc(-c2c(Cl)nc(NC3CCC3)c(=O)n2CC(=O)NCc2ccccc2)c1,42000.0
CHEMBL230032,N=C(N)c1ccc(CNC(=O)Cn2c(-c3cccc(N)c3)c(Cl)nc(NC3CCC3)c2=O)c(C(F)(F)F)c1,230.0
CHEMBL230031,N=C(N)c1ccc(CNC(=O)Cn2c(-c3cccc(N)c3)c(Cl)nc(NC3CCC3)c2=O)cc1O,7550.0
CHEMBL230764,N=C(N)c1c(F)c(F)c(CNC(=O)Cn2c(-c3cccc(N)c3)c(Cl)nc(NC3CCC3)c2=O)c(F)c1F,4700.0
CHEMBL230661,N=C(N)c1c(O)c(F)c(CNC(=O)Cn2c(-c3cccc(N)c3)c(Cl)nc(NC3CCC3)c2=O)c(F)c1F,34400.0
CHEMBL390878,N=C(N)c1ccc(CNC(=O)Cn2c(-c3cccc(N)c3)c(Cl)nc(NC3CCC3)c2=O)cc1F,100.0
CHEMBL390663,N=C(N)c1ccc(CNC(=O)Cn2c(-c3cccc(N)c3)c(Cl)nc(NC3CCC3)c2=O)c(F)c1,30000.0
CHEMBL243759,Nc1cccc(-c2c(Cl)nc(NC3CCC3)c(=O)n2CC(=O)NCCc2cnc(N)[nH]2)c1,6200.0
CHEMBL243539,Nc1cccc(-c2c(Cl)nc(NC3CCC3)c(=O)n2CC(=O)NCCc2cnc[nH]2)c1,30000.0
CHEMBL243538,Nc1cccc(-c2c(Cl)nc(NC3CCC3)c(=O)n2CC(=O)NCc2ccc3c(N)nccc3c2)c1,30000.0
CHEMBL243537,Nc1cccc(-c2c(Cl)nc(NC3CCC3)c(=O)n2CC(=O)NCc2ccc3c(N)n[nH]c(=O)c3c2)c1,30000.0
CHEMBL243319,Nc1cccc(-c2c(Cl)nc(NC3CCC3)c(=O)n2CC(=O)NCc2ccc3c(N)nsc3c2)c1,30000.0
CHEMBL243318,NCc1ccc(CNC(=O)Cn2c(-c3cccc(N)c3)c(Cl)nc(NC3CCC3)c2=O)cc1,230.0
CHEMBL388438,NC1=NCCSc2cc(CNC(=O)Cn3c(-c4cccc(N)c4)c(Cl)nc(NC4CCC4)c3=O)ccc21,30000.0
CHEMBL243317,N=C(N)c1ccc(C(=O)NCCn2c(-c3cccc(N)c3)c(Cl)nc(NC3CCC3)c2=O)cc1,2530.0
CHEMBL243109,Nc1cccc(-c2c(Cl)nc(NC3CCC3)c(=O)n2CC(=O)NCc2ccc3c(N)noc3c2)c1,30000.0
CHEMBL389527,N=C(N)c1ccc(S(=O)(=O)NCCn2c(-c3cccc(N)c3)c(Cl)nc(NC3CCC3)c2=O)cc1,9100.0
CHEMBL243108,N=C(NN)c1ccc(CNC(=O)Cn2c(-c3cccc(N)c3)c(Cl)nc(NC3CCC3)c2=O)cc1,3000.0
CHEMBL243107,Nc1cccc(-c2c(Cl)nc(NC3CCC3)c(=O)n2CC(=O)NCc2ccc(C3=NCCN3)cc2)c1,16000.0
CHEMBL244219,COc1ccc(OC)c(S(=O)(=O)N2CCC(N(Cc3ccc4ccc(C(=N)N)cc4c3)S(C)(=O)=O)CC2)c1,1100.0
CHEMBL244641,COc1ccc(OC)c(S(=O)(=O)N2CCC(N(C/C=C/c3cccc(C(=N)N)c3)C(=O)CC(=O)O)CC2)c1,6000.0
CHEMBL390266,COc1ccc(OC)c(S(=O)(=O)N2CCC(N(C/C=C/c3cccc(C(=N)N)c3)S(=O)(=O)CC(=O)O)CC2)c1,5300.0
CHEMBL244640,COc1ccc(OC)c(S(=O)(=O)N2CCC(N(Cc3ccc4ccc(C(=N)N)cc4c3)C(=O)CC(=O)O)CC2)c1,3700.0
CHEMBL244436,COc1ccc(OC)c(S(=O)(=O)N2CCC(N(Cc3ccc4ccc(C(=N)N)cc4c3)S(=O)(=O)CC(=O)O)CC2)c1,2700.0
CHEMBL244221,COc1ccc(OC)c(S(=O)(=O)N2CCC(N(Cc3ccc4ccc(C(=N)N)cc4c3)C(C)=O)CC2)c1,2500.0
CHEMBL19902,CC(=N)N1CC[C@H](Oc2ccc([C@H](Cc3ccc4ccc(C(=N)N)cc4c3)C(=O)O)cc2)C1,3200.0
CHEMBL535180,Cl.N[C@@H](CC(=O)N1CCCCN1C(=O)c1ccccc1)Cc1cc(F)c(F)cc1F,100000.0
CHEMBL539611,Cl.N[C@@H](CC(=O)N1CCCCCN1C(=O)c1ccccc1)Cc1cc(F)c(F)cc1F,1000000.0
CHEMBL395856,CC(C)C[C@@H](NC(=O)[C@H](O)Cc1ccc(O)cc1)C(=O)N1[C@H](C(=O)N[C@@H](CCCNC(=N)N)C(=O)O)C[C@@H]2CC[C@@H](O)C[C@@H]21,650.0
CHEMBL395639,N=C(N)NCCC[C@H](NC(=O)[C@@H]1C[C@@H]2CC[C@@H](O)C[C@@H]2N1C(=O)[C@H](Cc1ccccc1)NC(=O)[C@H](O)Cc1ccc(O)cc1)C(=O)O,12000.0
CHEMBL395638,N=C(N)NCCCCNC(=O)[C@@H]1C[C@@H]2CC[C@@H](O)C[C@@H]2N1C(=O)[C@@H](Cc1ccc(O)cc1)NC(=O)[C@H](O)Cc1ccc(O)cc1,150.0
CHEMBL239566,N=C(N)NCCC[C@H](NC(=O)[C@@H]1C[C@@H]2CC[C@@H](O)C[C@@H]2N1C(=O)[C@@H](Cc1ccc(O)cc1)NC(=O)[C@H](O)Cc1ccc(O)cc1)C(=O)O,1000.0
CHEMBL239357,N=C(N)NCCC[C@@H](CO)NC(=O)[C@@H]1C[C@@H]2CC[C@@H](O)C[C@@H]2N1C(=O)[C@@H](Cc1ccc(O)cc1)NC(=O)[C@H](O)Cc1ccc(O)cc1,8800.0
CHEMBL220050,C[C@@H](C(=O)N1CCOCC1)N1CC[C@H](NS(=O)(=O)/C=C/c2ccc(Cl)s2)C1=O,158000.0
CHEMBL391640,C/C(=C\S(=O)(=O)N[C@H]1CCN([C@@H](C)C(=O)N2CCOCC2)C1=O)c1ccc(Cl)s1,25100.0
CHEMBL391737,C[C@@H](C(=O)N1CCOCC1)N1CC[C@H](NS(=O)(=O)CCc2ccc(Cl)s2)C1=O,25100.0
CHEMBL404873,N=C(N)N1CCC[C@@H](C[C@H](NC(=O)[C@@H]2CC[C@H]3CN(C(=O)CCc4ccccc4)CC(=O)N32)C(=O)c2nc3ccccc3s2)C1,590.0
CHEMBL333154,N=C(N)N1CCC([C@H](NC(=O)[C@@H]2CC[C@H]3CN(C(=O)CCc4ccccc4)CC(=O)N32)C(=O)c2nccs2)CC1,11900.0
CHEMBL402843,C[C@H]1C(=O)N(CCCc2ccccc2)CC(=O)N1CC(=O)N[C@@H](C[C@@H]1CCCN(C(=N)N)C1)C(=O)c1nccs1,24000.0
CHEMBL402378,N=C(N)N1CCC[C@@H](C[C@H](NC(=O)CN2C(=O)CN(CCCc3ccccc3)C(=O)[C@H]2Cc2ccccc2Cl)C(=O)c2nccs2)C1,9700.0
CHEMBL256219,C[C@@H]1C(=O)N(CCCc2ccccc2)CC(=O)N1CC(=O)N[C@@H](C[C@@H]1CCCN(C(=N)N)C1)C(=O)c1nccs1,340.0
CHEMBL404654,N=C(N)N1CCC[C@@H](C[C@H](NC(=O)CN2C(=O)CN(CCCc3ccccc3)C(=O)[C@H]2Cc2ccccc2)C(=O)c2nccs2)C1,9100.0
CHEMBL270837,N=C(N)N1CCC[C@@H](C[C@H](NC(=O)CN2CC(=O)N(CCCc3ccccc3)CC2=O)C(=O)c2nccs2)C1,91000.0
CHEMBL403445,CN[C@H](Cc1ccccc1)C(=O)N1CCC[C@H]1C(=O)N[C@](C)(CCCNC(=N)N)C(=O)c1nc2ccccc2s1.O=C(O)C(F)(F)F,6000.0
CHEMBL403654,N=C(N)NCCC[C@@H](NS(=O)(=O)Cc1ccccc1)C(=O)NCC(=O)N[C@@H](Cc1c[nH]c2ccccc12)C(=O)c1nccs1,180000.0
CHEMBL308948,N=C(N)NCCC[C@H](NC(=O)Cn1c(Cc2ccccc2)c(Cl)nc(NCCc2ccccc2)c1=O)C(=O)c1nccs1,470.0
CHEMBL436851,CC(C)(C)CC(=O)N[C@H](Cc1ccccc1)C(=O)N1CCC[C@H]1C(=O)N[C@@H](CCCNC(=N)N)C(=O)c1nc2ccccc2o1.O=C(O)C(F)(F)F,2.3
CHEMBL255590,NCc1ccc2c(c1)C1(CCN(C(=O)c3ccc(C#Cc4ccccc4)o3)CC1)CO2,18000.0
CHEMBL257518,CC(=O)N1C[C@H](O)C[C@H]1C(=O)NC(CCCNC(=N)N)C(=O)c1nc2ccccc2s1,10.0
CHEMBL270422,NCc1ccc2c(c1)C1(CCN(C(=O)c3ccc(-c4ccccc4)o3)CC1)CO2,8600.0
CHEMBL270184,NCc1ccc2c(c1)C1(CCN(C(=O)c3ccc(Sc4ccccc4)o3)CC1)CO2,9100.0
CHEMBL404338,NCc1ccc2c(c1)C1(CCN(C(=O)c3ccc(CCc4ccccc4)o3)CC1)CO2,47000.0
CHEMBL257941,NCc1ccc2c(c1)C1(CC2)CCN(C(=O)c2ccc(C#Cc3ccccc3)o2)CC1,7700.0
CHEMBL258110,NCc1ccc2c(c1)C1(CCN(C(=O)c3ccc(C#Cc4ccccc4)o3)CC1)CN2S(=O)(=O)c1ccccc1,6700.0
CHEMBL404310,CS(=O)(=O)N1CC2(CCN(C(=O)c3ccc(C#Cc4ccccc4)o3)CC2)c2cc(CN)ccc21,50000.0
CHEMBL256799,CC(=O)N1CC2(CCN(C(=O)c3ccc(C#Cc4ccccc4)o3)CC2)c2cc(CN)ccc21,50000.0
CHEMBL272274,NCc1ccc2c(c1)C1(CCN(C(=O)c3ccc(C#Cc4ccccc4)o3)CC1)CN2,50000.0
CHEMBL273151,NCc1ccc2c(c1)C1(CCN(C(=O)c3ccc(C#Cc4ccc(O)cc4)o3)CC1)CO2,23000.0
CHEMBL271889,CC(C)(C)c1ccc(C#Cc2ccc(C(=O)N3CCC4(CC3)COc3ccc(CN)cc34)o2)cc1,13000.0
CHEMBL271890,Cc1ccc(C#Cc2ccc(C(=O)N3CCC4(CC3)COc3ccc(CN)cc34)o2)cc1,13000.0
CHEMBL256884,COc1ccccc1C#Cc1ccc(C(=O)N2CCC3(CC2)COc2ccc(CN)cc23)o1,5500.0
CHEMBL256886,Cc1ccccc1C#Cc1ccc(C(=O)N2CCC3(CC2)COc2ccc(CN)cc23)o1,12000.0
CHEMBL257058,NCc1ccc2c(c1)C1(CCN(C(=O)c3ccc(C#Cc4ccccc4Cl)o3)CC1)CO2,38000.0
CHEMBL271110,NCc1ccc2c(c1)C1(CCN(C(=O)c3ccc(C#Cc4ccccc4F)o3)CC1)CO2,12000.0
CHEMBL271109,NC(=O)c1ccc2c(c1)C1(CCN(C(=O)c3ccc(C#Cc4ccccc4)o3)CC1)CO2,39000.0
CHEMBL271210,N/N=C(\N)c1ccc2c(c1)C1(CCN(C(=O)c3ccc(C#Cc4ccccc4)o3)CC1)CO2,50000.0
CHEMBL273181,C/N=C(/N)c1ccc2c(c1)C1(CCN(C(=O)c3ccc(C#Cc4ccccc4)o3)CC1)CO2,50000.0
CHEMBL404305,N=C(N)c1ccc2c(c1)C1(CCN(C(=O)c3ccc(C#Cc4ccccc4)o3)CC1)CO2,1400.0
CHEMBL513433,CC(C)c1ccc(CCNS(=O)(=O)c2cccc(C(=N)N)c2)cc1,9700.0
CHEMBL513605,CC(C)Oc1ccc(CCNS(=O)(=O)c2cc(C(=N)N)ccc2O)cc1,1700.0
CHEMBL8260,O=c1cc(-c2ccccc2)oc2cc(O)c(O)c(O)c12,3700.0
CHEMBL485818,O=C(O)[C@H]1O[C@@H](Oc2cc3oc(-c4ccccc4)cc(=O)c3c(O)c2O)[C@H](O)[C@@H](O)[C@@H]1O,1000000.0
CHEMBL16171,COc1c(O)cc(O)c2c(=O)cc(-c3ccccc3)oc12,105000.0
CHEMBL464732,COc1c(O[C@@H]2O[C@H](C(=O)O)[C@@H](O)[C@H](O)[C@H]2O)cc(O)c2c(=O)cc(-c3ccccc3)oc12,1000000.0
CHEMBL183513,COc1c(O)cc2oc(-c3ccccc3)cc(=O)c2c1O,61000.0
CHEMBL465561,COc1cccc(O)c1-c1cc(=O)c2c(O)c(OC)c(OC)c(OC)c2o1,110000.0
CHEMBL465771,COc1c(O)ccc(O)c1-c1cc(=O)c2c(O)cc(O)c(OC)c2o1,88000.0
CHEMBL465691,O=C1C[C@@H](c2c(O)cccc2O)Oc2cc(O)cc(O)c21,1000000.0
CHEMBL465772,O=C1c2c(O)cc(O)cc2O[C@H](c2c(O)cccc2O)[C@H]1O,1000000.0
CHEMBL515520,CN(C)C(=O)/C(C#N)=C(\Nc1cccc2c(Cl)c[nH]c12)N[C@H]1CCCCN(CC(=O)N2CCCC2)C1=O,1043.0
CHEMBL457702,N#CC(C#N)=C(Nc1cccc2c(Cl)c[nH]c12)N[C@H]1CCCCN(CC(=O)N2CCCC2)C1=O,10813.0
CHEMBL1095032,O=C([C@H](O)CS(=O)(=O)c1ccc2cc(Cl)ccc2c1)N1CCC(N2CCCNC2=O)CC1,60000.0
CHEMBL1288927,CC(C)C[C@@H]1NC(=O)[C@@H](C2CCCCC2)NC(=O)[C@H](c2ccccc2)CCCCc2[nH]c3ccc(Cl)cc3c2CNC1=O,2310.0
CHEMBL1290179,CC(C)C[C@@H]1NC(=O)[C@@H](C2CCCCC2)NC(=O)CCCCCc2[nH]c3ccc(Cl)cc3c2CNC1=O,10000.0
CHEMBL1288926,CC(C)C[C@@H]1NC(=O)[C@@H](C2CCCCC2)NC(=O)[C@H](c2ccccc2)C/C=C/Cc2[nH]c3ccc(Cl)cc3c2CNC1=O,260.0
CHEMBL1288925,C=CCc1[nH]c2ccc(Cl)cc2c1CNC(=O)[C@H](CC(C)C)NC(=O)[C@H](NC(=O)[C@@H](CC=C)c1ccccc1)C1CCCCC1,160.0
CHEMBL1290074,C=CCCC(=O)N[C@@H](C(=O)N[C@@H](CC(C)C)C(=O)NCc1c(CC=C)[nH]c2ccc(Cl)cc12)C1CCCCC1,2170.0
CHEMBL1289978,CC(C)C[C@@H]1NC(=O)[C@@H](C2CCCCC2)NS(=O)(=O)CCCCCc2[nH]c3ccc(Cl)cc3c2CNC1=O,2430.0
CHEMBL1289860,CC(C)C[C@@H]1NC(=O)[C@@H](C2CCCCC2)NS(=O)(=O)CC/C=C/Cc2[nH]c3ccc(Cl)cc3c2CNC1=O,2690.0
CHEMBL1289753,C=CCCS(=O)(=O)N[C@@H](C(=O)N[C@@H](CC(C)C)C(=O)NCc1c(CC=C)[nH]c2ccc(Cl)cc12)C1CCCCC1,1160.0
CHEMBL1782499,C[C@]1(O)CC[C@@H]2C(C(=O)O)=CO[C@@H](O[C@@H]3O[C@H](COC(=O)/C=C/c4ccccc4)[C@@H](O)[C@H](O)[C@H]3O)[C@@H]21,200000.0
CHEMBL1782500,C[C@]1(O[C@@H]2O[C@H](COC(=O)/C=C/c3ccccc3)[C@@H](O)[C@H](O)[C@H]2O)CC[C@@H]2C(C(=O)O)=CO[C@@H](O[C@@H]3O[C@H](COC(=O)/C=C/c4ccccc4)[C@@H](O)[C@H](O)[C@H]3O)[C@@H]21,200000.0
CHEMBL1782501,C/C(=C\CO)CC/C=C(\C)C(=O)OC/C=C(\C)CC/C=C(\C)C(=O)O,200000.0
CHEMBL1782503,C[C@]1(OC(=O)/C=C/c2ccccc2)CC[C@@H]2C(C(=O)O)=CO[C@@H](O[C@@H]3O[C@H](CO)[C@@H](O)[C@H](O)[C@H]3O)[C@@H]21,200000.0
CHEMBL190503,O=S(=O)(F)Cc1ccccc1,110000.0
CHEMBL50,O=c1c(O)c(-c2ccc(O)c(O)c2)oc2cc(O)cc(O)c12,19000.0
CHEMBL226335,C[C@@H]1O[C@@H](OC[C@H]2O[C@@H](Oc3c(-c4ccc(O)c(O)c4)oc4cc(O)cc(O)c4c3=O)[C@H](O)[C@@H](O)[C@@H]2O)[C@H](O)[C@H](O)[C@H]1O,16000.0
CHEMBL2338554,C/C=C1\NC(=O)[C@@H](NC(=O)[C@@H](NC(=O)[C@@H](COS(=O)(=O)[O-])OC)C(C)C)[C@@H](C)OC(=O)[C@H]([C@H](C)CC)NC(=O)[C@H](Cc2ccccc2)N(C)C(=O)[C@H](Cc2ccccc2)N2C(=O)[C@H](CC[C@H]2O)NC1=O.[Na+],10000.0
CHEMBL2011690,CC(=O)O[C@@H]1CC[C@@H]2C[C@H](C(N)=O)N(C(=O)[C@@H](Cc3ccc(O)cc3)NC(=O)[C@@H](O)Cc3ccc(O)cc3)[C@@H]2C1,45500.0
CHEMBL2386692,N=C(N)NCCCCNC(=O)[C@@H]1C[C@@H]2CC[C@@H](O)C[C@@H]2N1C(=O)[C@H](Cc1ccccc1)NC(=O)[C@@H](O)Cc1ccc(O)cc1,0.5
CHEMBL2386691,CC[C@H](C)[C@@H](NC(=O)[C@@H](O)Cc1ccc(O)c(Cl)c1)C(=O)N1[C@H](C(=O)NCCCCNC(=N)N)C[C@@H]2CC[C@@H](O)C[C@@H]21,2800.0
CHEMBL2386693,CC(C)C[C@@H](NC(=O)[C@H](O)Cc1ccc(O)c(Br)c1)C(=O)N1[C@H](C(=O)NCCCCNC(=N)N)C[C@@H]2CC[C@@H](O)C[C@@H]21,4100.0
CHEMBL2386694,CC(C)C[C@@H](NC(=O)[C@H](O)Cc1ccc(O)c(Cl)c1)C(=O)N1[C@H](C(=O)NCCCCNC(=N)N)C[C@@H]2CC[C@@H](O)C[C@@H]21,4300.0
CHEMBL2402107,CCOC(=O)c1ccc(NC(=S)NC(=O)c2ccc(Cl)c(Cl)c2)cc1,50000.0
CHEMBL2402106,CS(=O)(=O)c1sc(C(=O)NC(=S)Nc2ccc(OC(F)(F)F)cc2)c2ccccc12,50000.0
CHEMBL2402103,O=C(Nc1ccc(Cl)cc1)Nc1csc(-c2ccc(C(F)(F)F)cc2)n1,50000.0
CHEMBL2402102,Cn1nc(C(F)(F)F)cc1-c1ccc(NC(=O)Nc2cccc(C(F)(F)F)c2)s1,50000.0
CHEMBL2417910,COc1ccc(-c2ccc(C(=O)N[C@H](CO)C(C)(C)C)cc2C(=O)O)c(C(=O)Nc2cccc(C(N)=O)c2)n1,33000.0
CHEMBL2417909,COc1ccc(-c2ccc(C(=O)NCC(C)(C)C)cc2C(=O)O)c(C(=O)Nc2ccc3nc(N)[nH]c3c2)n1,33000.0
CHEMBL2417908,COc1ccc(-c2ccc(C(=O)N[C@H](CO)C(C)(C)C)cc2C(=O)O)c(C(=O)Nc2ccc3nc(N)[nH]c3c2)n1,33000.0
CHEMBL2417907,COc1ccc(-c2ccc(C(=O)NCC(C)(C)C)cc2C(=O)O)c(C(=O)Nc2ccc3c(N)nccc3c2)n1,10800.0
CHEMBL2417906,COc1ccc(-c2ccc(C(=O)N[C@H](CO)C(C)(C)C)cc2C(=O)O)c(C(=O)Nc2ccc3c(N)nccc3c2)n1,7900.0
CHEMBL2417905,COc1ccc(-c2ccc(C(=O)NCC(C)(C)C)cc2C(=O)O)c(C(=O)Nc2ccc(C(=N)N)cc2)n1,640.0
CHEMBL2417904,COc1ccc(-c2ccc(C(=O)N[C@H](CO)C(C)(C)C)cc2C(=O)O)c(C(=O)Nc2ccc(C(=N)N)cc2)n1,1600.0
CHEMBL9509,COc1cc(C2Oc3cc([C@H]4Oc5cc(O)cc(O)c5C(=O)[C@@H]4O)ccc3OC2CO)ccc1O,3700.0
CHEMBL431577,Cn1c(=O)c(Cc2ccc(C(=N)N)cc2)nc2cc(C3(C(=O)N4CCCC4)CC3)ccc21,310.0
CHEMBL3091516,Cn1c(CNc2ccc(C(=N)N)cc2)nc2cc(C3(C(=O)N4CCCC4)CC3)ccc21,102.0
CHEMBL76688,CC(C)(C)C(=O)Oc1ccc(S(=O)(=O)Nc2ccccc2C(=O)NCC(=O)O)cc1,2000.0
CHEMBL3093806,CC(C)(C)C(=O)Oc1cn(-c2ccccc2)c(CSc2nc3cc(C(=O)O)ccc3o2)cc1=O,50000.0
CHEMBL3093814,CC(C)(C)C(=O)Oc1coc(CSc2nc3cc(C(=O)O)ccc3o2)cc1=O,50000.0
CHEMBL3093815,CC(C)(C)C(=O)Oc1coc(CSc2nc3ccccc3s2)cc1=O,50000.0
CHEMBL3092720,CC(C)C[C@@H](NC(=O)[C@H](O)Cc1cc(Cl)c(O)c(Cl)c1)C(=O)N1[C@H](C(=O)NCCCCNC(=N)N)C[C@@H]2CC[C@@H](OS(=O)(=O)O)C[C@@H]21,7300.0
CHEMBL3092721,CC(C)C[C@@H](NC(=O)[C@H](O)Cc1ccc(O)c(Cl)c1)C(=O)N1[C@H](C(=O)NCCCCNC(=N)N)C[C@@H]2CC[C@@H](OS(=O)(=O)O)C[C@@H]21,9500.0
CHEMBL3092723,N=C(N)NCCCCNC(=O)[C@@H]1C[C@@H]2CC[C@@H](O)C[C@@H]2N1C(=O)[C@H](Cc1ccccc1)NC(=O)[C@@H](O)Cc1ccc(O)c(Cl)c1,30800.0
CHEMBL3092722,N=C(N)NCCCCNC(=O)[C@@H]1C[C@@H]2CC[C@@H](O)C[C@@H]2N1C(=O)[C@H](Cc1ccccc1)NC(=O)[C@H](O)Cc1ccc(O)c(Cl)c1,19000.0
CHEMBL143024,N#Cc1cnc(NCC(F)(F)c2ccccn2)c(=O)n1CC(=O)NCc1ncccc1F,213.0
CHEMBL141889,Cc1cnc(NCC(F)(F)c2ccccn2)c(=O)n1CC(=O)NCc1ncccc1F,252.0
CHEMBL19080,Cc1nc(N)ccc1CNC(=O)Cn1c(C)cnc(NCCc2ccccc2)c1=O,1800.0
CHEMBL143418,Cc1nc(N)ccc1CNC(=O)Cn1c(C)cnc(NCC(F)(F)c2ccccn2)c1=O,800.0
CHEMBL3359576,CN1CCCN(c2ccc(C(=O)Nc3c(O[C@@H]4O[C@H](C(=O)O)[C@@H](O)[C@H](O)[C@H]4O)cc(Cl)cc3C(=O)Nc3ccc(Cl)cn3)cc2)CC1,100000.0
CHEMBL559015,CS(=O)(=O)c1ccccc1-c1ccc(NC(=O)c2cc(C(F)(F)F)nn2-c2cccc(CN)c2)c(F)c1.Cl,100000.0
CHEMBL3330442,O=C(NC[C@@H]1OC(=O)N2c3ccc(N4CCOCC4=O)cc3OC[C@@H]12)c1ccc(Cl)s1,100000.0
CHEMBL3330482,O=C(NC[C@@H]1OC(=O)N2c3ccc(N4CCOCC4=O)cc3SC[C@@H]12)c1ccc(Cl)s1,100000.0
CHEMBL3330490,O=C(NC[C@@H]1OC(=O)N2c3ccc(N4CCOCC4=O)cc3CC[C@@H]12)c1ccc(Cl)s1,100000.0
CHEMBL3330493,O=C(NC[C@@H]1OC(=O)N2c3ccc(N4CCOCC4=O)cc3NC[C@@H]12)c1ccc(Cl)s1,100000.0
CHEMBL3354240,CC(C)N1CCC(C(=O)Nc2c(O[C@@H]3O[C@H](C(=O)O)[C@@H](O)[C@H](O)[C@H]3O)cc(Br)cc2C(=O)Nc2ccc(Cl)cn2)CC1,100000.0
CHEMBL3354239,CC(C)N1CCC(C(=O)Nc2c(O)cc(Br)cc2C(=O)Nc2ccc(Cl)cn2)CC1,100000.0
CHEMBL3317857,O=C(O)C[C@@H]1CC[C@H](NC(=O)Cc2cccs2)B(O)O1,1000000.0
CHEMBL3604626,CN1C(=O)c2ccc(OC(=O)CCc3ccc(N)nc3)cc2C1=O.Cl,1200.0
CHEMBL3612122,COc1ccc(C(=O)Nc2cc(C(N)=O)ccc2NC(=O)c2ccc(-n3ccccc3=O)cc2)cc1OC,100000.0
CHEMBL3628271,N=C(N)Nc1cccc(C[C@H](NC(=O)c2ccccc2)C(=O)N[C@@H](CCCCN)C(=O)N[C@H](C(N)=O)c2ccccc2)c1,18200.0
CHEMBL3628272,N=C(N)Nc1cccc([C@H](NC(=O)c2ccccc2)C(=O)N[C@@H](CCCCN)C(=O)N[C@H](C(N)=O)c2ccccc2)c1,7100.0
CHEMBL3752312,CCCCCCCCNC(=O)[C@H](Cc1ccc(O)cc1)NC(=O)[C@H]1CC[C@H](CN)CC1,1000.0
CHEMBL3752907,CCCCCCCCNC(=O)[C@H](Cc1ccc(OC(C)(C)C)cc1)NC(=O)[C@H]1CC[C@H](CN)CC1,380.0
CHEMBL3753071,CCCCCCCCNC(=O)[C@H](Cc1ccc(OCc2ccccc2)cc1)NC(=O)[C@H]1CC[C@H](CN)CC1,2200.0
CHEMBL3752061,CCCCCCCCNC(=O)[C@H](Cc1ccc(OCc2cccc(-c3ccccc3)c2)cc1)NC(=O)[C@H]1CC[C@H](CN)CC1,6700.0
CHEMBL3753862,CCCCCCCCNC(=O)[C@H](Cc1ccc(OCc2ccncc2)cc1)NC(=O)[C@H]1CC[C@H](CN)CC1,1100.0
CHEMBL3752600,CCCCCCCCNC(=O)[C@H](Cc1ccc(OCc2cccc3cccnc23)cc1)NC(=O)[C@H]1CC[C@H](CN)CC1,930.0
CHEMBL3752964,CCCCCCCCNC(=O)[C@H](Cc1ccc(OCc2ccc3ccccc3n2)cc1)NC(=O)[C@H]1CC[C@H](CN)CC1,1400.0
CHEMBL3752458,CCCCCCCCNC(=O)[C@H](Cc1ccc(OCc2cccc(OCc3ccncc3)c2)cc1)NC(=O)[C@H]1CC[C@H](CN)CC1,1300.0
CHEMBL3752906,CCCCCCCCNC(=O)[C@H](Cc1ccc(OCc2ccc(C(=O)O)cc2)cc1)NC(=O)[C@H]1CC[C@H](CN)CC1,4700.0
CHEMBL3754642,CCCCCCCCNC(=O)[C@H](Cc1ccc(OCc2cccc3ccccc23)cc1)NC(=O)[C@H]1CC[C@H](CN)CC1,2700.0
CHEMBL3754274,CCCCCCCCNC(=O)[C@H](Cc1ccc(OCc2ccc3ccccc3c2)cc1)NC(=O)[C@H]1CC[C@H](CN)CC1,4400.0
CHEMBL3752206,CCCCCCCCNC(=O)[C@H](Cc1ccc(OCc2cccc(C(=O)OCC)c2)cc1)NC(=O)[C@H]1CC[C@H](CN)CC1,2700.0
CHEMBL3753685,CCCCCCCCNC(=O)[C@H](Cc1ccc(OCc2cccc(C(=O)O)c2)cc1)NC(=O)[C@H]1CC[C@H](CN)CC1,2000.0
CHEMBL3754802,CCCCCCCCNC(=O)[C@H](Cc1ccc(OCc2ccc(C(=O)OCC)cc2)cc1)NC(=O)[C@H]1CC[C@H](CN)CC1,6100.0
CHEMBL3753340,CCCCCCCCNC(=O)[C@H](Cc1ccc(OCc2cccc(C(F)(F)F)c2)cc1)NC(=O)[C@H]1CC[C@H](CN)CC1,2500.0
CHEMBL3752559,CCCCCCCCNC(=O)[C@H](Cc1ccc(OCc2ccc(C(F)(F)F)cc2)cc1)NC(=O)[C@H]1CC[C@H](CN)CC1,6900.0
CHEMBL3753392,CCCCCCCCNC(=O)[C@H](Cc1ccc(OCc2ccccc2C(=O)OC)cc1)NC(=O)[C@H]1CC[C@H](CN)CC1,4800.0
CHEMBL3752269,CCCCCCCCNC(=O)[C@H](Cc1ccc(OCc2cccc([N+](=O)[O-])c2)cc1)NC(=O)[C@H]1CC[C@H](CN)CC1,2100.0
CHEMBL3752299,CCCCCCCCNC(=O)[C@H](Cc1ccc(OCc2cccc(N)c2)cc1)NC(=O)[C@H]1CC[C@H](CN)CC1,860.0
CHEMBL3753322,CCCCCCCCNC(=O)[C@H](Cc1ccc(OCc2ccccc2C(F)(F)F)cc1)NC(=O)[C@H]1CC[C@H](CN)CC1,4600.0
CHEMBL3951207,N=C(N)Nc1ccc(C(=O)Oc2ccc(CC(=O)N[C@@H](Cc3ccc(O)cc3)C(=O)O)c(Cl)c2)cc1,0.19
CHEMBL3923483,N=C(N)Nc1ccc(C(=O)Oc2ccc(CC(=O)N[C@@H](Cc3c[nH]cn3)C(=O)O)c(Cl)c2)cc1,0.49
CHEMBL3926197,N=C(N)Nc1ccc(C(=O)Oc2ccc(CCC(=O)Nc3ccc(CC(=O)O)cc3)c(Cl)c2)cc1,0.45
CHEMBL3951938,N=C(N)Nc1ccc(C(=O)Oc2ccc(CC(=O)N[C@@H](Cc3ccc(C(=O)O)cc3)C(=O)O)c(Cl)c2)cc1,0.84
CHEMBL3971081,N=C(N)Nc1ccc(C(=O)Oc2ccc(CC(=O)N[C@@H](Cc3ccc(F)cc3)C(=O)O)c(Cl)c2)cc1,0.22
CHEMBL3897484,N=C(N)Nc1ccc(C(=O)Oc2ccc(CC(=O)N[C@@H](Cc3ccc(Cl)cc3)C(=O)O)c(Cl)c2)cc1,0.19
CHEMBL3947460,COc1ccc(C[C@H](NC(=O)Cc2ccc(OC(=O)c3ccc(NC(=N)N)cc3)cc2Cl)C(=O)O)cc1,0.26
CHEMBL3962586,N=C(N)Nc1ccc(C(=O)Oc2ccc(CC(=O)N[C@@H](Cc3ccccc3)C(=O)O)c(-c3ccccc3)c2)cc1,0.27
CHEMBL3961505,N=C(N)Nc1ccc(C(=O)Oc2ccc(CCC(=O)NCc3cccc(C(=O)O)c3)c(Cl)c2)cc1,0.54
CHEMBL3947949,N=C(N)Nc1ccc(C(=O)Oc2ccc3nc(C(=O)NC(C(=O)O)c4ccccc4)ccc3c2)cc1,0.17
CHEMBL3977211,N=C(N)Nc1ccc(C(=O)Oc2ccc3nc(C(=O)Nc4ccc(CC(=O)O)cc4)ccc3c2)cc1,0.2
CHEMBL4113549,N=C(N)Nc1ccc(C(=O)Oc2ccc(CCC(=O)N[C@H](CC(=O)O)c3ccccc3)c(Cl)c2)cc1,0.28
CHEMBL3985298,N=C(N)Nc1ccc(C(=O)Oc2cc(F)c(CC(=O)N[C@@H](Cc3ccccc3)C(=O)O)c(F)c2)cc1,0.17
CHEMBL3933667,N=C(N)Nc1ccc(C(=O)Oc2ccc(CC(=O)N[C@@H](Cc3ccccc3)C(=O)O)c(C(F)(F)F)c2)cc1,0.25
CHEMBL3961130,N=C(N)Nc1ccc(C(=O)Oc2ccc(CC(=O)N[C@@H](Cc3ccccc3)C(=O)O)c(Cl)c2Cl)cc1,0.18
CHEMBL3939171,N=C(N)Nc1ccc(C(=O)Oc2cc(Cl)c(CC(=O)N[C@@H](Cc3ccccc3)C(=O)O)c(Cl)c2)cc1,0.19
CHEMBL3972244,N=C(N)Nc1ccc(C(=O)Oc2ccc3nc(C(=O)NC(CC(=O)O)c4ccccc4)ccc3c2)cc1,0.17
CHEMBL3940399,N=C(N)Nc1ccc(C(=O)Oc2ccc(CC(=O)N[C@@H](Cc3ccccc3F)C(=O)O)c(Cl)c2)cc1,0.21
CHEMBL3969953,N=C(N)Nc1ccc(C(=O)Oc2ccc(CC(=O)N[C@@H](Cc3cccc(F)c3)C(=O)O)c(Cl)c2)cc1,0.19
CHEMBL3977663,N=C(N)Nc1ccc(C(=O)Oc2ccc(CC(=O)N[C@@H](Cc3ccc(C(F)(F)F)cc3)C(=O)O)c(Cl)c2)cc1,0.34
CHEMBL3985783,CN(C(=O)Cc1ccc(OC(=O)c2ccc(NC(=N)N)cc2)cc1Cl)[C@@H](Cc1ccccc1)C(=O)O,0.6
CHEMBL3953763,N=C(N)Nc1ccc(C(=O)Oc2ccc(CC(=O)N[C@@H](Cc3ccccc3)C(=O)O)c(C3CC3)c2)cc1,0.24
CHEMBL3893507,N=C(N)Nc1ccc(C(=O)Oc2ccc(CC(=O)N(CCc3ccccc3)CC(=O)O)c(Cl)c2)cc1,0.28
CHEMBL3962513,N=C(N)Nc1ccc(C(=O)Oc2ccc(CCC(=O)N(CC(=O)O)Cc3cccc(C(=O)O)c3)c(Cl)c2)cc1,0.38
CHEMBL3963997,N=C(N)Nc1ccc(C(=O)Oc2ccc(CCCCC(=O)NC(Cc3ccccc3)C(=O)O)c(Cl)c2)cc1,0.34
CHEMBL3940894,N=C(N)Nc1ccc(C(=O)Oc2ccc(CC(=O)N(CC(=O)O)[C@@H](Cc3ccccc3)C(=O)O)c(Cl)c2)cc1,0.45
CHEMBL3922459,N=C(N)Nc1ccc(C(=O)Oc2ccc(CCC(=O)N(CC(=O)O)c3cccc(CC(=O)O)c3)c(Cl)c2)cc1,0.31
CHEMBL3923332,N=C(N)Nc1ccc(C(=O)Oc2ccc(CCC(=O)N(CCC(=O)O)Cc3cccc(C(=O)O)c3)c(Cl)c2)cc1,0.66
CHEMBL3949492,N=C(N)Nc1ccc(C(=O)Oc2ccc(CCCC(=O)N(CC(=O)O)Cc3cccc(C(=O)O)c3)c(Cl)c2)cc1,0.47
CHEMBL3925221,N=C(N)Nc1ccc(C(=O)Oc2ccc(CCC(=O)NCc3ccccc3C(=O)O)c(Cl)c2)cc1,0.39
CHEMBL3940716,N=C(N)Nc1ccc(C(=O)Oc2ccc(CCC(=O)N(CC(=O)O)Cc3ccccc3C(=O)O)c(Cl)c2)cc1,0.35
CHEMBL3912722,N=C(N)Nc1ccc(C(=O)Oc2ccc(CC(=O)N(CCC(=O)O)[C@@H](Cc3ccccc3)C(=O)O)c(Cl)c2)cc1,0.38
CHEMBL3931837,N=C(N)Nc1ccc(C(=O)Oc2ccc(CC(=O)N[C@@H](Cc3ccc(OCC(=O)O)cc3)C(=O)O)c(Cl)c2)cc1,0.64
CHEMBL3926430,N=C(N)Nc1ccc(C(=O)Oc2ccc(CCC(=O)N(CCc3cccc(C(=O)O)c3)CC(=O)O)c(Cl)c2)cc1,0.68
CHEMBL3941889,N=C(N)Nc1ccc(C(=O)Oc2ccc3nc(C(=O)N(CC(=O)O)Cc4cccc(C(=O)O)c4)ccc3c2)cc1,0.31
CHEMBL3917451,CC(C(=O)N(CC(=O)O)Cc1cccc(C(=O)O)c1)c1ccc(OC(=O)c2ccc(NC(=N)N)cc2)cc1Cl,0.21
CHEMBL3980104,CN(C(=O)N(CC(=O)O)Cc1cccc(C(=O)O)c1)c1ccc(OC(=O)c2ccc(NC(=N)N)cc2)cc1Cl,0.14
CHEMBL3909962,N=C(N)Nc1ccc(C(=O)Oc2ccc(CCC(=O)N(CC(=O)O)Cc3ccccc3)c(Cl)c2)cc1,0.17
CHEMBL3985101,N=C(N)Nc1ccc(C(=O)Oc2ccc(CCC(=O)N(CC(=O)O)Cc3csc(C(=O)O)c3)c(Cl)c2)cc1,0.41
CHEMBL3890692,N=C(N)Nc1ccc(C(=O)Oc2ccc(CCC(=O)N(CC(=O)O)Cc3cc(C(=O)O)cc(C(=O)O)c3)c(Cl)c2)cc1,0.7
CHEMBL3967403,N=C(N)Nc1ccc(C(=O)Oc2ccc(CCN(CC(=O)O)Cc3cccc(C(=O)O)c3)c(Cl)c2)cc1,0.45
CHEMBL3929693,N=C(N)Nc1ccc(C(=O)Oc2ccc(CCN(CC(=O)O)C(=O)Cc3cccc(C(=O)O)c3)c(Cl)c2)cc1,0.45
CHEMBL4109828,N=C(N)Nc1ccc(C(=O)Oc2ccc3nc(C(=O)N[C@H](Cc4ccc(OCC(=O)O)cc4)C(=O)O)ccc3c2)cc1,0.23
CHEMBL3941734,N=C(N)Nc1ccc(C(=O)Oc2ccc(CCC(=O)N(CC(=O)O)Cc3cccc(CC(=O)O)c3)c(Cl)c2)cc1,0.39
CHEMBL3957994,N=C(N)Nc1ccc(C(=O)Oc2ccc3nc(C(=O)N(CC(=O)O)Cc4csc(C(=O)O)c4)ccc3c2)cc1,0.3
CHEMBL3960457,N=C(N)Nc1ccc(C(=O)Oc2ccc(CCC(=O)N(Cc3cccc(C(=O)O)c3)Cc3cccc(C(=O)O)c3)c(Cl)c2)cc1,0.56
CHEMBL3955210,CN(C(=O)CN(CC(=O)O)Cc1cccc(C(=O)O)c1)c1ccc(OC(=O)c2ccc(NC(=N)N)cc2)cc1Cl,0.39
CHEMBL4113470,CC(C)(Oc1ccc(C[C@@H](NC(=O)Cc2ccc(OC(=O)c3ccc(NC(=N)N)cc3)cc2Cl)C(=O)O)cc1)C(=O)O,0.64
CHEMBL3979741,CC(C)(Oc1ccc(C[C@H](NC(=O)CCc2ccc(OC(=O)c3ccc(NC(=N)N)cc3)cc2Cl)C(=O)O)cc1)C(=O)O,0.46
CHEMBL4106875,C[C@H](C(=O)O)N(Cc1csc(C(=O)O)c1)C(=O)c1ccc2cc(OC(=O)c3ccc(NC(=N)N)cc3)ccc2n1,0.3
CHEMBL3916887,CN(C(=O)N(CC(=O)O)Cc1csc(C(=O)O)c1)c1ccc(OC(=O)c2ccc(NC(=N)N)cc2)cc1Cl,0.44
CHEMBL3893474,N=C(N)Nc1ccc(C(=O)Oc2ccc3nc(C(=O)N(CC(=O)O)Cc4ccc(CC(=O)O)cc4)ccc3c2)cc1,0.28
CHEMBL3973384,N=C(N)Nc1ccc(C(=O)Oc2ccc3cc(C(=O)NC(Cc4ccccc4)C(=O)O)[nH]c3c2)cc1,7.5
CHEMBL3964583,N=C(N)Nc1ccc(C(=O)Oc2ccc(CCC(=O)N(Cc3ccccc3)C(=O)O)c(Cl)c2)cc1,0.4
CHEMBL590799,CN(C)C(=O)COC(=O)Cc1ccc(OC(=O)c2ccc(NC(=N)N)cc2)cc1,1.6
CHEMBL4176442,CC[C@@H](C)[C@H]1C(=O)N(C)[C@@H](Cc2ccc(OC)c(Br)c2)C(=O)N[C@@H]([C@@H](C)CC)C(=O)O[C@H](C)[C@H](NC(=O)[C@H](NC(=O)[C@H](O)COS(=O)(=O)O)C(C)C)C(=O)N[C@@H](CCCCN)C(=O)N[C@H]2CC[C@@H](O)N1C2=O,160.0
CHEMBL4166165,CC[C@@H](C)[C@H]1C(=O)N(C)[C@@H](Cc2ccc(OC)c(Br)c2)C(=O)N[C@@H]([C@@H](C)CC)C(=O)O[C@H](C)[C@H](NC(=O)[C@H](NC(=O)[C@@H](COS(=O)(=O)O)OC)C(C)C)C(=O)N[C@@H](CCCCN)C(=O)N[C@H]2CC[C@@H](O)N1C2=O,190.0
CHEMBL4176792,CC[C@@H](C)[C@H]1C(=O)N(C)[C@@H](Cc2ccc(OC)c(Br)c2)C(=O)N[C@@H]([C@@H](C)CC)C(=O)O[C@H](C)[C@H](NC(=O)[C@@H](NC(=O)[C@@H](COS(=O)(=O)O)OC)C(C)C)C(=O)N[C@@H](CCCCN)C(=O)N[C@H]2CC[C@@H](O)N1C2=O,72.0
CHEMBL4162725,CC[C@@H](C)[C@H]1C(=O)N(C)[C@@H](Cc2ccc(OC)c(Br)c2)C(=O)N[C@@H]([C@@H](C)CC)C(=O)O[C@H](C)[C@H](NC(=O)[C@@H](NC(=O)[C@@H](COS(=O)(=O)O)OC)[C@@H](C)CC)C(=O)N[C@@H](CCCCN)C(=O)N[C@H]2CC[C@@H](O)N1C2=O,1000.0
CHEMBL4173435,CC[C@@H](C)[C@H]1C(=O)N(C)[C@@H](Cc2ccc(OC)c(Br)c2)C(=O)N[C@@H]([C@@H](C)CC)C(=O)O[C@H](C)[C@H](NC(=O)[C@H](NC(=O)[C@@H](COS(=O)(=O)O)OC)C(C)C)C(=O)N[C@@H](CCCNC(=N)N)C(=O)N[C@H]2CC[C@@H](O)N1C2=O,150.0
CHEMBL4128173,COc1ccc(Cl)cc1C[C@@H]1CN/C(=N\N(C)C)CN(CC(=O)Nc2cccc(C(=O)O)c2)C1=O.Cl,30000.0
CHEMBL4216497,COc1ccc(Cl)cc1C[C@@H]1CN/C(=N\N(C)C)CN(CC(=O)Nc2cccc(S(C)(=O)=O)c2)C1=O,30000.0
CHEMBL23430,N=C(N)c1ccc(CC(NC(=O)CNS(=O)(=O)c2ccc3ccccc3c2)C(=O)N2CCCCC2)cc1,169.0
CHEMBL71037,CC(C)(C)NC(=O)N1CCN(C(=O)N2C(=O)[C@H](CCCN=C(N)N)[C@H]2C(=O)O)CC1,50.0
CHEMBL4213248,N=C(N)NC(=O)c1nc(-c2cc3ccccc3o2)c(N2CCCCCC2)nc1N,10000.0
CHEMBL501701,N=C(N)NC(=O)c1nc(Cl)c(N2CCCCCC2)nc1N,10000.0
CHEMBL4212332,Cc1nn(-c2ccccc2)c(C)c1NC(=O)COC(=O)Cn1c(C)cc2ccccc21,38000.0
CHEMBL4211986,Cc1nn(-c2ccccc2)c(C)c1NC(=O)COC(=O)Cn1c(=O)oc2ccccc21,190000.0
CHEMBL1883669,Cc1nn(-c2ccccc2)c(C)c1NC(=O)COC(=O)Cc1ccccc1,200000.0
CHEMBL4216440,Cc1nn(-c2ccccc2)c(C)c1NC(=O)COC(=O)Cn1c(C)csc1=O,200000.0
CHEMBL4211470,Cc1nn(-c2ccccc2)c(C)c1NC(=O)COC(=O)Cn1cnc2ccccc2c1=O,200000.0
CHEMBL4208878,NCc1ccc(NC(=O)c2c([O-])ccc[n+]2Cc2nccn2Cc2ccccc2)cc1,180.0
CHEMBL4217674,Cc1nn(-c2ccccc2)c(C)c1NC(=O)COC(=O)Cn1c(C)nc2ccccc21,200000.0
CHEMBL4205963,Cc1nn(-c2ccccc2)c(C)c1NC(=O)COC(=O)Cc1c(C)n(C)c2ccccc12,200000.0
CHEMBL4205435,Cc1nn(-c2ccccc2)c(C)c1NC(=O)COC(=O)Cc1c[nH]c2ccccc12,150000.0
CHEMBL4210322,Cc1nn(-c2ccccc2)c(C)c1NC(=O)COC(=O)Cc1c(C(C)C)[nH]c2ccccc12,200000.0
CHEMBL4207925,Cc1nn(-c2ccccc2)c(C)c1NC(=O)COC(=O)Cc1c(C)[nH]c2ccc(Cl)cc12,34000.0
CHEMBL4212830,Cc1nn(-c2ccccc2)c(C)c1NC(=O)COC(=O)Cc1c(C)[nH]c2cccc(Cl)c12,200000.0
CHEMBL4216138,Cc1nn(-c2ccccc2)c(C)c1NC(=O)COC(=O)Cc1c(C)[nH]c2cnccc12,330.0
CHEMBL4211164,Cc1nn(-c2ccccc2)c(C)c1NC(=O)COC(=O)Cc1c(C)[nH]c2ncccc12,200000.0
CHEMBL4211677,Cc1nn(-c2ccccc2)c(C)c1NC(=O)COC(=O)Cc1c(C)[nH]c2ccncc12,25000.0
CHEMBL4206799,Cc1nn(-c2ccccc2)c(C)c1NC(=O)COC(=O)Cc1c(C)[nH]c2cccnc12,61000.0
CHEMBL4207321,Cc1nn(-c2ccccc2)c(C)c1NC(=O)COC(=O)c1c(C)[nH]c2ccccc12,200000.0
CHEMBL4202434,Cc1nn(-c2ccccc2)c(C)c1NC(=O)COC(=O)CCc1c(C)[nH]c2ccccc12,200000.0
CHEMBL4202971,Cc1nn(-c2ccccc2)c(C)c1NC(=O)CCOC(=O)Cc1c(C)[nH]c2ccccc12,200000.0
CHEMBL4214636,Cc1nn(-c2ccccc2)c(C)c1NC(=O)COC(=O)C(c1c(C)[nH]c2ccccc12)C(F)(F)F,200000.0
CHEMBL4217078,Cc1nn(-c2ccccc2)c(C)c1NC(=O)C(OC(=O)Cc1c(C)[nH]c2ccccc12)C(F)(F)F,380.0
CHEMBL4212099,Cc1nn(-c2ccccc2)c(C)c1NC(=O)COC(=O)C(C)c1c(C)[nH]c2ccccc12,200000.0
CHEMBL4214840,Cc1nn(-c2ccccc2)c(C)c1NC(=O)COC(=O)C(C)(C)c1c(C)[nH]c2ccccc12,200000.0
CHEMBL4203193,Cc1nn(-c2ccccc2)c(C)c1NC(=O)C(OC(=O)C(C)c1c(C)[nH]c2ccccc12)C(F)(F)F,61000.0
CHEMBL4210437,Cc1nn(-c2ccccc2)c(C)c1NC(=O)C(NC(=O)Cc1c(C)[nH]c2ccccc12)C(F)(F)F,200000.0
CHEMBL4215383,Cc1[nH]c2ccccc2c1CC(=O)OCC(=O)Nc1ccc(N2CCOCC2)cc1,200000.0
CHEMBL4206077,Cc1[nH]c2ccccc2c1CC(=O)OCC(=O)Nc1cncnc1,200000.0
CHEMBL4210959,Cc1[nH]c2ccccc2c1CC(=O)NCC(=O)Nc1cnn(-c2ccccc2)c1,50000.0
CHEMBL4218314,Cc1[nH]c2ccccc2c1CC(=O)NCC(=O)Nc1cnn(-c2ccccc2)c1C,34000.0
CHEMBL4206590,Cc1nn(-c2ccccc2)cc1NC(=O)CNC(=O)Cc1c(C)[nH]c2ccccc12,200000.0
CHEMBL4215806,Cc1nn(C)c(C)c1NC(=O)CNC(=O)Cc1c(C)[nH]c2cccnc12,50000.0
CHEMBL4204137,Cc1[nH]c2cccnc2c1CC(=O)NCC(=O)Nc1onc(-c2ccccc2)c1C,50000.0
CHEMBL4203033,Cc1nn(-c2ccccc2)c(C)c1N(C)C(=O)CNC(=O)Cc1c(C)[nH]c2cccnc12,8600.0
CHEMBL4206734,Cc1nn(-c2ccccc2)c(C)c1NC(=O)COC(=O)Cc1c(C)[nH]c2cc(C(=N)N)ccc12,1.0
CHEMBL4212718,Cc1nn(-c2ccccc2)c(C)c1NC(=O)COC(=O)Cc1c(C)[nH]c2ccc(C(=N)N)cc12,19000.0
CHEMBL4218619,Cc1nn(-c2ccccc2)c(C)c1NC(=O)CNC(=O)Cc1c(C)[nH]c2cc(C(=N)N)ccc12,2500.0
CHEMBL4210314,C#Cc1ccc2c(CC(=O)OCC(=O)Nc3c(C)nn(-c4ccccc4)c3C)c(C)[nH]c2c1,24000.0
CHEMBL4203947,C#Cc1[nH]c2ccccc2c1CC(=O)OCC(=O)Nc1c(C)nn(-c2ccccc2)c1C,200000.0
CHEMBL4213650,C#Cc1cccc2[nH]c(C)c(CC(=O)OCC(=O)Nc3c(C)nn(-c4ccccc4)c3C)c12,50000.0
CHEMBL4218203,Cc1nn(-c2ccccc2)c(C)c1NC(=O)COC(=O)Cc1c(C)[nH]c2ccccc12,21000.0
CHEMBL4214705,C#Cc1ccc2[nH]c(C)c(CC(=O)OCC(=O)Nc3c(C)nn(-c4ccccc4)c3C)c2c1,26000.0
CHEMBL4130204,COc1ccc(Cl)cc1C[C@@H]1CN/C(=N\N(C)C)CN(CC(=O)Nc2cccc(-c3cnn(C)c3)c2)C1=O,30000.0
CHEMBL4126936,COc1ccc(Cl)cc1C[C@@H]1CN/C(=N\N(C)C)CN([C@@H](C)C(=O)Nc2cccc(-c3cnn(C)c3)c2)C1=O,30000.0
CHEMBL4228441,CCC[C@@H](C(=O)Nc1cccc(-c2cnn(C)c2)c1)N1C/C(=N/N(C)C)NC[C@@H](Cc2cc(Cl)ccc2OC)C1=O,30000.0
CHEMBL4557877,CCC1NC(=O)[C@H](Cc2ccc(O)cc2)NC(=O)[C@@H]2CSSC[C@H](NC(=O)[C@H]([C@@H](C)CC)NC(=O)[C@@H]3CCCN3C(=O)[C@@H]3CCCN3C(=O)[C@H](Cc3ccc(O)cc3)NC(=O)[C@H](CO)NC1=O)C(=O)N[C@@H](CC(N)=O)C(=O)N1CCC[C@H]1C(=O)N[C@@H](CC(N)=O)C(=O)NCC(=O)N[C@@H]([C@@H](C)O)C(=O)N2,10000.0
CHEMBL4455694,CCC1NC(=O)[C@H](Cc2ccc(O)cc2)NC(=O)[C@@H]2CSSC[C@H](NC(=O)[C@H]([C@@H](C)CC)NC(=O)[C@@H]3CCCN3C(=O)[C@@H]3CCCN3C(=O)[C@H](Cc3ccc(O)cc3)NC(=O)[C@H](CO)NC1=O)C(=O)N[C@@H](CC(N)=O)C(=O)N1CCC[C@H]1C(=O)N[C@@H](CC(N)=O)C(=O)NCC(=O)N[C@@H](Cc1ccc(-c3ccccc3)cc1)C(=O)N2,10000.0
CHEMBL4560512,CCCC1NC(=O)[C@H](Cc2ccc(O)cc2)NC(=O)[C@@H]2CSSC[C@H](NC(=O)[C@H]([C@@H](C)CC)NC(=O)[C@@H]3CCCN3C(=O)[C@@H]3CCCN3C(=O)[C@H](Cc3ccc(O)cc3)NC(=O)[C@H](CO)NC1=O)C(=O)N[C@@H](CC(N)=O)C(=O)N1CCC[C@H]1C(=O)N[C@@H](CC(N)=O)C(=O)NCC(=O)N[C@@H](Cc1ccc(-c3ccccc3)cc1)C(=O)N2,10000.0
CHEMBL4436637,CCCCCCCCCCC/C(O)=C1/C(=O)[C@H](Cc2ccccc2)N(C(=O)OC(C)(C)C)C1=O,2100.0
CHEMBL4483307,CCCCCCCCCCCCC/C(O)=C1/C(=O)[C@H](Cc2ccccc2)N(C(=O)OC(C)(C)C)C1=O,2400.0
CHEMBL4475417,CCCCCCCC/C=C\CCCCCCC/C(O)=C1/C(=O)[C@H](Cc2ccccc2)N(C(=O)OC(C)(C)C)C1=O,2300.0
CHEMBL3344303,N=C(N)Nc1ccc(OC(=O)c2ccc(NC(=N)N)cc2)cc1,1.35
CHEMBL4586045,N=C(N)Nc1ccc(OC(=O)c2ccc(N)cc2)cc1,2.78
CHEMBL4467388,N=C(N)Nc1ccc(C(=O)Nc2cccc(NC(=N)N)c2)cc1,23900.0
CHEMBL4453926,N=C(N)NCCCOC(=O)c1ccc(NC(=N)N)cc1,9840.0
CHEMBL4439506,N=C(N)NCCCCOC(=O)c1ccc(NC(=N)N)cc1,8270.0
CHEMBL4451902,N=C(N)Nc1ccc(C(=O)Oc2ccc(N)cc2)cc1,28.0
CHEMBL4561509,N=C(N)Nc1ccc(C(=O)Oc2ccc(CN)cc2)cc1,1.56
CHEMBL4437757,N=C(N)Nc1ccc(NC(=O)Oc2ccc(N)cc2)cc1,46300.0
CHEMBL63226,O=C1c2c(O)cc(O)cc2OC(c2ccc(O)cc2)C1c1c(O)cc(O)c2c(=O)cc(-c3ccc(O)c(O)c3)oc12,3800.0
CHEMBL4534212,CC(=O)Oc1ccc(C2Oc3cc(OC(C)=O)cc(O)c3C(=O)C2c2c(OC(C)=O)cc(O)c3c(=O)cc(-c4ccc(OC(C)=O)c(OC(C)=O)c4)oc23)cc1,21100.0
CHEMBL4441556,COc1ccc(C2Oc3cc(OC)cc(O)c3C(=O)C2c2c(OC)cc(O)c3c(=O)cc(-c4ccc(OC)c(OC)c4)oc23)cc1,1600.0
CHEMBL4470415,CCCC(=O)Oc1ccc(C2Oc3cc(OC(=O)CCC)cc(O)c3C(=O)C2c2c(OC(=O)CCC)cc(O)c3c(=O)cc(-c4ccc(OC(=O)CCC)c(OC(=O)CCC)c4)oc23)cc1,19800.0
CHEMBL4469308,COc1ccc(NC(=O)c2nc3c(s2)CN(C)CC3)c(C(=O)Nc2ccc(C)cn2)c1,54.0
CHEMBL4441346,COc1ccc(NC(=O)c2nc3c(s2)CN(C)CC3)c(C(=O)Nc2ccc(Cl)cn2)c1,9.1
CHEMBL4469752,COc1ccc(NC(=O)c2nc3c(s2)CN(C)CC3)c(C(=O)Nc2ccc(Cl)cc2)c1,18.0
CHEMBL2163507,CC(C)C(NC(=O)[C@@H]1CCCN1C(=O)[C@@H](NC(=O)OC(C)(C)C)C(C)C)P(=O)(Oc1ccccc1)Oc1ccccc1,500000.0
CHEMBL4583962,CC(C)C(NC(=O)[C@@H]1CCCN1C(=O)[C@@H](NC(=O)OC(C)(C)C)C(C)(C)C)P(=O)(Oc1ccccc1)Oc1ccccc1,500000.0
CHEMBL4568542,CCC[C@H](NC(=O)OC(C)(C)C)C(=O)N1CCC[C@H]1C(=O)NC(C(C)C)P(=O)(Oc1ccccc1)Oc1ccccc1,500000.0
CHEMBL4551673,CC[C@H](C)[C@H](NC(=O)OC(C)(C)C)C(=O)N1CCC[C@H]1C(=O)NC(C(C)C)P(=O)(Oc1ccccc1)Oc1ccccc1,500000.0
CHEMBL4558643,CCC(C)C(NC(=O)[C@@H]1CCCN1C(=O)[C@@H](NC(=O)OC(C)(C)C)C(C)C)P(=O)(Oc1ccccc1)Oc1ccccc1,500000.0
CHEMBL2163503,CCCC(NC(=O)[C@@H]1CCCN1C(=O)[C@@H](NC(=O)OC(C)(C)C)C(C)C)P(=O)(Oc1ccccc1)Oc1ccccc1,500000.0
CHEMBL4474517,CC(C)[C@H](NC(=O)OC(C)(C)C)C(=O)N1CCC[C@H]1C(=O)NC(C(C)(C)C)P(=O)(Oc1ccccc1)Oc1ccccc1,500000.0
CHEMBL4539220,CCC(C)C(NC(=O)[C@@H]1CCCN1C(=O)[C@@H](NC(=O)OC(C)(C)C)[C@@H](C)CC)P(=O)(Oc1ccccc1)Oc1ccccc1,500000.0
CHEMBL4462682,CCC(C)C(NC(=O)[C@@H]1CCCN1C(=O)[C@@H](NC(=O)OC(C)(C)C)C(C)(C)C)P(=O)(Oc1ccccc1)Oc1ccccc1,500000.0
CHEMBL4587369,CCCC(NC(=O)[C@@H]1CCCN1C(=O)[C@@H](NC(=O)OC(C)(C)C)C(C)C)C(=O)c1nccs1,500000.0
CHEMBL4472622,CC(C)C(NC(=O)[C@@H]1CCCN1C(=O)[C@@H](NC(=O)OC(C)(C)C)C(C)C)C(=O)c1nc2ccccc2s1,500000.0
CHEMBL4469190,CCC(C)C(NC(=O)[C@@H]1CCCN1C(=O)[C@@H](NC(=O)OC(C)(C)C)C(C)(C)C)C(=O)c1nc2ccccc2s1,500000.0
CHEMBL4561326,CC(=O)C(=O)C(NC(=O)[C@@H]1CCCN1C(=O)[C@@H](NC(=O)OC(C)(C)C)C(C)C)C(C)C,500000.0
CHEMBL4435385,CCC(=O)C(=O)C(NC(=O)[C@@H]1CCCN1C(=O)[C@@H](NC(=O)OC(C)(C)C)C(C)C)C(C)C,500000.0
CHEMBL4528358,CC(C)C(NC(=O)[C@@H]1CCCN1C(=O)[C@@H](NC(=O)OC(C)(C)C)C(C)C)C(=O)C(=O)C1CC1,500000.0
CHEMBL4473654,N=C(N)NC(=O)c1nc(-c2cc3ccccc3o2)c(N)nc1N,50000.0
CHEMBL945,N=C(N)NC(=O)c1nc(Cl)c(N)nc1N,50000.0
CHEMBL4633785,O=C(O)c1c(F)ccc2c1OB(O)[C@@H]1C[C@H]21,1000000.0
CHEMBL4634101,CCCCCC(=O)N[C@H](C(=O)NCc1ccc(C(=N)N)cc1)c1ccc(OCc2ccccc2)cc1.O=C(O)C(F)(F)F,45000.0
CHEMBL4637376,CCCCCC(=O)N[C@@H](C(=O)NCc1ccc(NC(=N)N)cc1)c1ccc(OCc2ccccc2)cc1.O=C(O)C(F)(F)F,44000.0
CHEMBL4633204,N=C(N)Nc1ccc(CNC(=O)[C@@H](NC(=O)c2ccc(-c3ccccc3)cc2)c2ccc(OCc3ccccc3)cc2)cc1.O=C(O)C(F)(F)F,31000.0
CHEMBL4640835,CC[C@@H](C)[C@@H](NC1CCCCC1)C(=O)N1C[C@@H](O)C[C@H]1C(=O)NCc1ccc2c(N)nccc2c1,824.0
CHEMBL4647326,CC[C@@H](C)[C@@H](NC1CCC(F)(F)CC1)C(=O)N1C[C@](O)(CC)C[C@H]1C(=O)NCc1ccc2c(N)nccc2c1,2701.0
CHEMBL4635919,CC[C@@H](C)[C@@H](NC1CCCCC1)C(=O)N1C[C@@](C)(C#N)C[C@H]1C(=O)NCc1ccc2c(N)nccc2c1,3371.0
CHEMBL4639651,CC[C@@H](C)[C@@H](NS(=O)(=O)Cc1ccc(Cl)cc1)C(=O)N1C[C@@](C)(C#N)C[C@H]1C(=O)NCc1ccc2c(N)nccc2c1,2526.0
CHEMBL4634303,CC[C@@H](C)[C@@H](NC1CCCCC1)C(=O)N1C[C@](O)(CC)C[C@H]1C(=O)NCc1ccc2c(N)nccc2c1,410.0
CHEMBL4646710,CC[C@@H](C)[C@@H](NC1CCCCC1)C(=O)N1C[C@@](C)(O)C[C@H]1C(=O)NCc1ccc2c(N)nccc2c1,547.0
CHEMBL4646911,CC[C@@H](C)[C@@H](NS(=O)(=O)Cc1ccc(Cl)cc1)C(=O)N1C[C@@](C)(O)C[C@H]1C(=O)NCc1ccc2c(N)nccc2c1,2020.0
CHEMBL4635580,CC[C@@H](C)[C@@H](NS(=O)(=O)Cc1ccc(C(F)(F)F)cc1)C(=O)N1C[C@@](C)(O)C[C@H]1C(=O)NCc1ccc2c(N)nccc2c1,2912.0
CHEMBL4641777,CC[C@@H](C)[C@@H](NC(C)C(F)F)C(=O)N1C[C@@](C)(O)C[C@H]1C(=O)NCc1ccc2c(N)nccc2c1,4034.0
CHEMBL4594271,N#Cc1cccc(C(NCC2CC2)c2ccc(F)c(NC(=O)c3cc(C(F)(F)F)nn3-c3cccc(CN)c3)c2)c1,11000.0
CHEMBL5069416,CC(C)C[C@@H]1NC(=O)[C@H](Cc2ccc(O)cc2)NC(=O)CSC[C@@H](C(N)=O)NC(=O)CNC(=O)CNC(=O)[C@H](CCCNC(=N)N)NC(=O)[C@H](CC(=O)O)NC(=O)[C@H](CCCCN)NC(=O)[C@@H]2CCCN2C(=O)[C@H](CCCNC(=N)N)NC(=O)[C@H](Cc2ccccc2)NC(=O)[C@H](CCCNC(=N)N)NC1=O,31000.0
CHEMBL5090804,CC(C)C[C@@H]1NC(=O)[C@H](Cc2ccc(O)cc2)NC(=O)CSC[C@@H](C(=O)N[C@@H](CCCNC(=N)N)C(=O)N[C@@H](CCCNC(=N)N)C(=O)N[C@@H](C)C(=O)N2CCC[C@H]2C(=O)N[C@@H](CC(N)=O)C(=O)N[C@@H](CO)C(N)=O)NC(=O)[C@H](CC(C)C)NC(=O)[C@H]([C@@H](C)O)NC(=O)[C@H](Cc2ccccc2)NC(=O)[C@H](CCCNC(=N)N)NC1=O,61000.0
CHEMBL5075493,CC(C)C[C@@H]1NC(=O)[C@H](Cc2ccc(O)cc2)NC(=O)CSC[C@@H](C(N)=O)NC(=O)CNC(=O)CNC(=O)[C@H](CCC(N)=O)NC(=O)[C@H](CC(N)=O)NC(=O)[C@H]([C@@H](C)O)NC(=O)[C@@H]2CCCN2C(=O)[C@H](CCCCN)NC(=O)[C@H](CC(C)C)NC(=O)[C@H](CCCNC(=N)N)NC1=O,12000.0
CHEMBL5095248,COCc1nn(Cc2ccc(Cn3ccccc3=O)cc2)cc1C(=O)NCc1nccc(OC)c1F,40000.0
CHEMBL76068,Cn1c(=O)c(Cc2ccc(C(=N)N)cc2)nc2cc(C3(C(=O)N4CCCC4C(=O)NCC(=O)O)CC3)ccc21,2400.0
CHEMBL74263,Cn1c(=O)c(Cc2ccc(C(=N)N)cc2)nc2cc(C3(N(C(=O)CC(=O)O)C4CCCC4)CC3)ccc21,550.0
CHEMBL5189562,C[C@@H]1CCC[C@H](C)N1CCCCCn1c(=O)c(-c2cc(C(=N)N)ccc2O)nc2ccccc21,2500.0
CHEMBL5198559,N=C(N)Nc1ccc(C(=O)Nc2ccc3c(c2)B(O)OC3)cc1,61400.0
CHEMBL3951810,Cc1cn(-c2ccc3n(c2=O)CCN([C@@H](C)[C@@H]2CC[C@H](c4cc(F)c(Cl)cc4C(F)(F)F)O2)C3=O)cn1,20000.0
CHEMBL5191296,N=C(N)NCCC[C@@H](C=O)NC(=O)[C@H](CCc1ccc(O)cc1)NC(=O)[C@H](O)Cc1ccc(O)cc1,100.0
CHEMBL5207595,N=C(N)NCCC[C@@H](CO)NC(=O)[C@H](CCc1ccc(O)cc1)NC(=O)[C@H](O)Cc1ccc(O)cc1,200000.0
CHEMBL191881,CC(=O)N[C@@H](CC(C)C)C(=O)N[C@@H](CC(C)C)C(=O)N[C@H](C=O)CCCNC(=N)N,600.0
CHEMBL3427166,CC(C)C[C@H](NC(=O)OCc1ccccc1)C(=O)N[C@@H](C[C@@H]1CCNC1=O)C(O)S(=O)(=O)[O-].[Na+],50000.0
CHEMBL5177478,CC(=O)N[C@@H](CCCCN)C(=O)N[C@@H](CCCCN)C(=O)N[C@H](C(=O)NCc1ccccc1)c1ccc(OCc2ccc(C(F)(F)F)cc2)cc1,2300.0
CHEMBL1457139,Oc1ccccc1C(Nc1nccs1)c1ccc2cccnc2c1O,50000.0
CHEMBL5204354,COc1ccnc(CNC(=O)c2cn(Cc3ccc(Cn4ccccc4=O)cc3)nc2C(F)(F)F)c1F,40000.0
CHEMBL5095064,COCc1nn(Cc2ccc(Cn3cc(F)ccc3=O)cc2)cc1C(=O)NCc1nccc(OC)c1F,40000.0
CHEMBL5286067,NCC1CCC(C(=O)N[C@@H](Cc2ccccc2)C(=O)Nc2ccc(CC(=O)O)cc2)CC1,12000.0
CHEMBL3922841,CCOc1ccc(C[C@@H](NC(=O)c2ccccc2)C(=O)N[C@@H](Cc2ccccc2)C(=O)NCc2ccc(CN)cc2)cc1,10000.0
CHEMBL5173559,C[C@H](NC(=O)[C@@H](c1cccnc1)N(C(=O)C(Cl)Cl)c1ccc(-c2ccccc2)cc1)c1ccccc1,20000.0
CHEMBL5425528,Nc1nccc2cc(-c3cccc(B(O)O)c3)ccc12,52.0
CHEMBL5314583,C[C@@H](NC(=O)N1C(=O)[C@H](Cc2ccnc(N)c2)[C@H]1C(=O)O)C1CCCCC1,4800.0
CHEMBL5415411,O=C(O[C@H]1[C@H](OC(=O)c2cc(OS(=O)(=O)[O-])cc(OS(=O)(=O)[O-])c2)[C@H](OC(=O)c2cc(OS(=O)(=O)[O-])cc(OS(=O)(=O)[O-])c2)[C@@H](OC(=O)c2cc(OS(=O)(=O)[O-])cc(OS(=O)(=O)[O-])c2)[C@H](OC(=O)c2cc(OS(=O)(=O)[O-])cc(OS(=O)(=O)[O-])c2)[C@H]1OC(=O)c1cc(OS(=O)(=O)[O-])cc(OS(=O)(=O)[O-])c1)c1cc(OS(=O)(=O)[O-])cc(OS(=O)(=O)[O-])c1.[Na+].[Na+].[Na+].[Na+].[Na+].[Na+].[Na+].[Na+].[Na+].[Na+].[Na+].[Na+],40000.0
CHEMBL5397791,COc1ccccc1C(=O)n1nc(-c2ccccn2)cc1NCc1ccc(Cl)s1,100000.0
CHEMBL5425314,CC(C)(C)C(=O)n1nc(-c2ccc[nH]c2=O)cc1NCc1ccc(Cl)s1,100000.0
CHEMBL3903980,O=C(Cn1c2c(c(-c3cccc(Cl)c3)cc1=O)C(=O)NC2)Nc1ccc(-c2nnn[nH]2)cc1,50000.0
CHEMBL5431053,Cc1ccccc1C(=O)N1CCN(c2ccc3c(N)nncc3c2)CC1,30000.0
CHEMBL5417464,Cc1cc([C@H]2CN(c3cc(F)c4c(N)nncc4c3)CCN2c2cccc(F)c2)no1,30000.0
